column,value,count,dataset,stage
sentiment,positive,5667,simple,raw
sentiment,neutral,5667,simple,raw
sentiment,negative,5666,simple,raw
sentiment,positive,1813,challenge,raw
sentiment,negative,1804,challenge,raw
sentiment,neutral,1223,challenge,raw
category,short_vague,1783,challenge,raw
category,aspect_based,1485,challenge,raw
category,ambiguous,775,challenge,raw
category,contextual,215,challenge,raw
category,negation,97,challenge,raw
category,typos_informal,93,challenge,raw
category,mixed_sentiment,79,challenge,raw
category,emotional_exaggeration,77,challenge,raw
category,question_conditional,71,challenge,raw
category,colloquial_slang,70,challenge,raw
category,sarcasm,64,challenge,raw
category,comparative,31,challenge,raw
sentimen,0,5803,labeled,raw
sentimen,1,5803,labeled,raw
label,CG,20216,fake,raw
label,OR,20216,fake,raw
rating,5,30311,tokopedia,raw
rating,4,7546,tokopedia,raw
rating,3,1825,tokopedia,raw
rating,1,543,tokopedia,raw
rating,2,382,tokopedia,raw
category,elektronik,15897,tokopedia,raw
category,fashion,8910,tokopedia,raw
category,olahraga,7838,tokopedia,raw
category,handphone,6136,tokopedia,raw
category,pertukangan,1826,tokopedia,raw
sentiment,positive,1034,simple,cleaned
sentiment,negative,1004,simple,cleaned
sentiment,neutral,155,simple,cleaned
sentiment,positive,1806,challenge,cleaned
sentiment,negative,1798,challenge,cleaned
sentiment,neutral,1191,challenge,cleaned
category,short_vague,1767,challenge,cleaned
category,aspect_based,1484,challenge,cleaned
category,ambiguous,748,challenge,cleaned
category,contextual,214,challenge,cleaned
category,negation,97,challenge,cleaned
category,typos_informal,93,challenge,cleaned
category,mixed_sentiment,79,challenge,cleaned
category,emotional_exaggeration,77,challenge,cleaned
category,question_conditional,71,challenge,cleaned
category,colloquial_slang,70,challenge,cleaned
category,sarcasm,64,challenge,cleaned
category,comparative,31,challenge,cleaned
sentimen,0,5797,labeled,cleaned
sentimen,1,5792,labeled,cleaned
label,OR,20215,fake,cleaned
label,CG,20190,fake,cleaned
rating,5,30311,tokopedia,cleaned
rating,4,7546,tokopedia,cleaned
rating,3,1825,tokopedia,cleaned
rating,1,543,tokopedia,cleaned
rating,2,382,tokopedia,cleaned
category,elektronik,15897,tokopedia,cleaned
category,fashion,8910,tokopedia,cleaned
category,olahraga,7838,tokopedia,cleaned
category,handphone,6136,tokopedia,cleaned
category,pertukangan,1826,tokopedia,cleaned
