column,dtype,missing_values,dataset
comment,str,0,simple
rating,int64,0,simple
sentiment,str,0,simple
comment,str,0,challenge
sentiment,str,0,challenge
category,str,0,challenge
rating,int64,0,challenge
review,str,0,labeled
sentimen,int64,0,labeled
translate,str,0,labeled
category,string,0,fake
rating,float64,0,fake
label,string,0,fake
text_,string,0,fake
text,string,0,tokopedia
rating,int64,0,tokopedia
category,string,0,tokopedia
product_name,string,0,tokopedia
product_id,string,0,tokopedia
sold,string,14,tokopedia
shop_id,string,0,tokopedia
product_url,string,0,tokopedia
